,link,description
0,https://cdn-st.rutubelist.ru/media/03/eb/47329b1943349255453b6cec625d/fhd.mp4,#уходзакожей #уходзасобой #бьютирутина #бьюти #ноготочки #маникюр #прическа #укладка #уход #бьютирутина
1,https://cdn-st.rutubelist.ru/media/0d/97/531d4356476a9deb64239aed758a/fhd.mp4,#образ #lookbook #показ #неделямоды #капсула #ошибкивстиле #селебрити #интервью #перевоплощения #обувь #кроссовки
2,https://cdn-st.rutubelist.ru/media/03/27/74e30d3d40b4b881605aff767e92/fhd.mp4,#авто #auto #vehicle #тачки #bmw
3,https://cdn-st.rutubelist.ru/media/0c/29/129584754224a30a607535ea4573/fhd.mp4,"#лайфхаки , #эксперименты , #roblox , #игрушки , #diy , #танцы"
4,https://cdn-st.rutubelist.ru/media/0a/8c/dd18d18e4283ace23628f10bc815/fhd.mp4,"Спорим , вы не знали этот молик ?🔥"
5,https://cdn-st.rutubelist.ru/media/04/90/5f70c2d54205ad560531d20dbacd/fhd.mp4,"#мульт , #мультики , #мультик , #мультфильм , #мультфильмы , #симпсоны , #грифины , #трикота , #дисней"
6,https://cdn-st.rutubelist.ru/media/03/d3/c2e6cdde4b50b70ccd3a58ff4496/fhd.mp4,"#киноновинки , #киноафиша , #кино  , #фильмы , #сериалы , #чтопосмотреть , #трейлер , #трейлеры"
7,https://cdn-st.rutubelist.ru/media/0a/ae/145bf5954e60b1cd0e886b66eb52/fhd.mp4,#красивыедевушки #азиатки #азиаточки #красиваяфигура #танцы
8,https://cdn-st.rutubelist.ru/media/0a/82/a79075ec45149d2719d82cc7c249/fhd.mp4,#красивыедевушки #грудь #boobs
9,https://cdn-st.rutubelist.ru/media/03/a4/57ae6a0c440c92c3591206300fc1/fhd.mp4,#спорт #наспорте #здоровье #похудение
10,https://cdn-st.rutubelist.ru/media/08/a6/439f21fa4a39b2bfcfbf928aa6cf/fhd.mp4,#спорт #наспорте #хоккей #хоккейныйспорт
11,https://cdn-st.rutubelist.ru/media/05/28/0dd2c0fb4a44b67d058c8d4e0bc3/fhd.mp4,"#лайфхаки , #эксперименты , #roblox , #игрушки , #diy , #танцы"
12,https://cdn-st.rutubelist.ru/media/03/09/add5f8ab44b1a85478dd68774653/fhd.mp4,#красивыедевушки   #boobs #ass #dance
13,https://cdn-st.rutubelist.ru/media/01/a1/54ca510740d4bf5739adfbd0b962/fhd.mp4,#образ #lookbook #показ #неделямоды #капсула #ошибкивстиле #селебрити #интервью #перевоплощения #обувь #кроссовки
14,https://cdn-st.rutubelist.ru/media/01/56/ef59b382475e8796d37062f8c063/fhd.mp4,#красивыедевушки#грудь #boobs  #lingerie
15,https://cdn-st.rutubelist.ru/media/04/12/e8da29b04f4bb9b644b87314fe68/fhd.mp4,
16,https://cdn-st.rutubelist.ru/media/01/28/05888e1d49ec8b0f622982f9828d/fhd.mp4,#уходзакожей #уходзасобой #бьютирутина #бьюти #ноготочки #маникюр #прическа #укладка #уход #бьютирутина
17,https://cdn-st.rutubelist.ru/media/0c/58/d48259594d19b0cea00ff3fa6a69/fhd.mp4,"#киноновинки , #киноафиша , #кино  , #фильмы , #сериалы , #чтопосмотреть , #трейлер , #трейлеры"
18,https://cdn-st.rutubelist.ru/media/04/2f/0983e82c4864b67bbf36a8e36a4c/fhd.mp4,#путешествия #кудапоехать #туризм #море #горы #советыдляпутешествий #кэмпинг #глэмпинг #отель #вдохновение #влог
19,https://cdn-st.rutubelist.ru/media/06/a9/5b2275ad414383378c60590b141d/fhd.mp4,#тачки #машины #обзоравто
20,https://cdn-st.rutubelist.ru/media/05/80/c4174f2f4f9e9d7be0d426a2434a/fhd.mp4,#fashion #мода #красота #стиль#модныйлук#образ
21,https://cdn-st.rutubelist.ru/media/07/6b/97319eea46178b26bcdea1abc463/fhd.mp4,Ich romantisiere mir einfach die kalte Jahreszeit oder wie macht ihr das? ☃️🥶🤍
22,https://cdn-st.rutubelist.ru/media/06/6a/26c55144440ebd837c125675f9e1/fhd.mp4,#футбол #спорт #отношения #пике #шакира
23,https://cdn-st.rutubelist.ru/media/02/59/f255967b49c3b77a4c3374fd460a/fhd.mp4,#образ #lookbook #показ #неделямоды #капсула #ошибкивстиле #селебрити #интервью #перевоплощения #обувь #кроссовки
24,https://cdn-st.rutubelist.ru/media/0a/a1/6ace8f1d4211ab863a90c39ac4fd/fhd.mp4,#Наташ
25,https://cdn-st.rutubelist.ru/media/0a/af/adaa3687460ba67a1836c5f0d048/fhd.mp4,#кино #movie #film #нарезкакино
26,https://cdn-st.rutubelist.ru/media/0c/07/b0ae9cf74d04b2b098eeb586ca6d/fhd.mp4,Как Справляться с Хейтерами?
27,https://cdn-st.rutubelist.ru/media/0b/4e/48f2f68941d3bbead74979a23e02/fhd.mp4,"#лайфхаки , #эксперименты , #roblox , #игрушки , #diy , #танцы"
28,https://cdn-st.rutubelist.ru/media/07/56/f6e3340c454da2e501bbeb62f398/fhd.mp4,#авто #auto #vehicle #тачки #bmw
29,https://cdn-st.rutubelist.ru/media/0a/be/376e1da14f9aa826c8df6efcad64/fhd.mp4,#игры #видеоигры #games #videogames #Roblox #роблокс #геймплей #коды #мм2 #музыка
30,https://cdn-st.rutubelist.ru/media/0a/82/4ec7fc5247bf9287301b0f6b2b79/fhd.mp4,#путешествия #journey #туризм #интересныелокации #фотолокации #влог #красивыеместа
31,https://cdn-st.rutubelist.ru/media/01/26/ee7230fe4e9c8282de3c56b05fb3/fhd.mp4,#красивыедевушки #секси #hotgirl #грудь #boobs #липсинг
32,https://cdn-st.rutubelist.ru/media/08/9d/44d5748047ea979f00370f33f966/fhd.mp4,#красивыедевушки #грудь #boobs #попа #ass #bigbooty #lingerie #чулки
33,https://cdn-st.rutubelist.ru/media/06/f5/2611eeb9488eb051efd320dad4d8/fhd.mp4,#forkids #детскийконтент #длядетей #развивашки #уроканглийского #читаемкнигу
34,https://cdn-st.rutubelist.ru/media/0b/16/cd6a2ac946d19e133ec70dbda3e8/fhd.mp4,#уходзакожей #уходзасобой #бьютирутина #бьюти
35,https://cdn-st.rutubelist.ru/media/07/78/64c8c61b4d22aef923f45572dade/fhd.mp4,#красивыедевушки #грудь #boobs
36,https://cdn-st.rutubelist.ru/media/05/f1/ffce5bd8400fbca0ce2c94777526/fhd.mp4,#тачки #машины #обзоравто
37,https://cdn-st.rutubelist.ru/media/06/60/b99c75294fc297b2bb7541bb5706/fhd.mp4,"#boobs , #красивыедевушки , #ass"
38,https://cdn-st.rutubelist.ru/media/07/10/163d0b7d4d708c6378505d48cdbf/fhd.mp4,#fashion #мода #красота #стиль #образ #юбка
39,https://cdn-st.rutubelist.ru/media/0b/0b/a327dd0140d9b29bf42aaf8b915c/fhd.mp4,#бьюти#beauty#бьютирутина#уходзасобой#макияж#ресницы #брови
40,https://cdn-st.rutubelist.ru/media/03/1e/3ad938b5475a8091b4797a385771/fhd.mp4,#красивыедевушки #sexygirls #красотки #sexyoutfit #грудь #boobs #попа #ass
41,https://cdn-st.rutubelist.ru/media/02/61/c2d8e05149e0b28e962fcd0587c9/fhd.mp4,🥹🥹🥹
42,https://cdn-st.rutubelist.ru/media/02/cd/f98c7a1e43249ff0781b2cdde63f/fhd.mp4,#мульт #мультик #мультики #мультфильм #мультфильмы #смешарики
43,https://cdn-st.rutubelist.ru/media/06/f2/ba100faa4d349117c5aa6137b329/fhd.mp4,"#лайфхаки , #эксперименты , #roblox , #игрушки , #diy , #танцы"
44,https://cdn-st.rutubelist.ru/media/09/a7/6151d4fb40488820e6f645dc3cc0/fhd.mp4,"#уходзакожей #уходзасобой #бьютирутина #бьюти 
#ноготочки #маникюр #прическа #укладка #уход #бьютирутина"
45,https://cdn-st.rutubelist.ru/media/0a/ae/70423eb546b9b5b8eaf2cdbc5821/fhd.mp4,"#нарезкистримов , #dota2 , #cs2 , #fifa23 , #minecraft , #майнкрафт , #геншин , #genshin"
46,https://cdn-st.rutubelist.ru/media/0c/d4/e27e02ea4f83a4f451ac642d1992/fhd.mp4,#бьюти #beauty #бьютирутина #уходзасобой #макияж #makeup #мейкап #красота
47,https://cdn-st.rutubelist.ru/media/02/f8/70aa1d024c3197d76b71671e887c/fhd.mp4,#красивыедевушки #грудь #boobs #фигура #тату
48,https://cdn-st.rutubelist.ru/media/04/c8/824c2c97460888a05af73cd6cd44/fhd.mp4,"#уходзакожей #уходзасобой #бьютирутина #бьюти
#бьюти #ноготочки #маникюр #прическа #укладка #уход #бьютирутина"
49,https://cdn-st.rutubelist.ru/media/04/05/ec23a13e4926a179f3905d7f23a4/fhd.mp4,#кино #movie #film #фильм #фактыкино #озвучка
50,https://cdn-st.rutubelist.ru/media/08/db/4c3a74f3470f8519836aaa9594da/fhd.mp4,#красивыедевушки #bikini #beauty #bikinigirl
51,https://cdn-st.rutubelist.ru/media/0c/fa/66bb995c4c19a6943142a6c7c42a/fhd.mp4,"#мульт , #мультики , #мультик , #мультфильм , #мультфильмы , #симпсоны , #грифины , #трикота , #дисней"
52,https://cdn-st.rutubelist.ru/media/06/c3/97d650314738a5df06ea500a8b5c/fhd.mp4,"#мото , #мотоцикл , #байк , #железныйконь , #кроссбайк"
53,https://cdn-st.rutubelist.ru/media/04/bd/061b637b4b5eb5930bbb0e266c2a/fhd.mp4,#тачки #машины #обзоравто
54,https://cdn-st.rutubelist.ru/media/01/20/468733294aa7bfcf51b81a00fc81/fhd.mp4,#красивыедевушки #hotgirl #попа #ass #грудь #boobs #sexygirls #dance #липсинк
55,https://cdn-st.rutubelist.ru/media/06/96/c47531a4476aa2dc79f7d4b58512/fhd.mp4,#игры#видеоигры#games#videogames#gta
56,https://cdn-st.rutubelist.ru/media/01/0b/808f9bf54ba89f5eb7980cbe052e/fhd.mp4,
57,https://cdn-st.rutubelist.ru/media/0a/ae/7fcd21364a9fbd269d95b414f9c0/fhd.mp4,"#егэ2023 , #огэ2023 , #наука , #егэ , #огэ , #научпоп"
58,https://cdn-st.rutubelist.ru/media/03/1c/94f873514969a9027b2a918e0273/fhd.mp4,#спорт #наспорте
59,https://cdn-st.rutubelist.ru/media/0c/6c/4f5a354b441099794d0b3b0ded39/fhd.mp4,#путешествия #кудапоехать #туризм #море #горы #советыдляпутешествий #кэмпинг #глэмпинг #отель #вдохновение #влог
60,https://cdn-st.rutubelist.ru/media/00/41/a401ad7b461ea5b04cde6fe9238f/fhd.mp4,#уходзакожей #уходзасобой #бьютирутина #бьюти #ноготочки #маникюр #прическа #укладка #уход #бьютирутина
61,https://cdn-st.rutubelist.ru/media/01/7d/8879850b448a8866fe6a43346bbd/fhd.mp4,"#мульт , #мультики , #мультик , #мультфильм , #мультфильмы , #симпсоны , #грифины , #трикота , #дисней"
62,https://cdn-st.rutubelist.ru/media/0c/70/3511db97486db522d221b676bcd7/fhd.mp4,
63,https://cdn-st.rutubelist.ru/media/04/93/0c8e09b14ad480b5e1398ac09005/fhd.mp4,"#мульт , #мультики , #мультик , #мультфильм , #мультфильмы , #симпсоны , #грифины , #трикота , #дисней"
64,https://cdn-st.rutubelist.ru/media/01/94/6739f4c84047b93d624e9efccdf0/fhd.mp4,#тачки #машины #обзоравто
65,https://cdn-st.rutubelist.ru/media/0a/ca/a31d99244d2a9e4ac788819de0d1/fhd.mp4,#спорт #наспорте #растяжка #фитнес #мотивация
66,https://cdn-st.rutubelist.ru/media/08/47/7583445545ebbe78c5291344c6f0/fhd.mp4,#тачки #машины #обзоравто
67,https://cdn-st.rutubelist.ru/media/04/b2/68e8dfbc42be8a32beae7a3d38c8/fhd.mp4,#красивыедевушки #hotgirl #попа #ass
68,https://cdn-st.rutubelist.ru/media/06/bf/9002b30c471c863a97986a3dec8d/fhd.mp4,ТИКТОКЕР ВСЕХ ОБМАНУЛ И ПОГУБИЛ РЕЙТИНГ ИГРЫ #shorts
69,https://cdn-st.rutubelist.ru/media/00/61/e028a7364fd7ad384e15eebf9bce/fhd.mp4,"#мульт , #мультики , #мультик , #мультфильм , #мультфильмы , #симпсоны , #грифины , #трикота , #дисней"
70,https://cdn-st.rutubelist.ru/media/09/f9/2a99b6a84471a1e09798d45da908/fhd.mp4,ДР ТОМО 🎂|  АНИМЕ: ТОМО - ДЕВУШКА! |#аниме
71,https://cdn-st.rutubelist.ru/media/0b/c6/787b2f9a4b669779b5b74e09f361/fhd.mp4,#спорт #наспорте #растяжка #фитнес #мотивация
72,https://cdn-st.rutubelist.ru/media/04/77/4956aa9c465bbd7ac1367fd85ef8/fhd.mp4,
73,https://cdn-st.rutubelist.ru/media/0f/78/420d966047599b1cbd8e4b52fabf/fhd.mp4,#красивыедевушки #hotgirl #грудь #boobs #купальник
74,https://cdn-st.rutubelist.ru/media/04/d7/d14456824569ba00a6fc60f78649/fhd.mp4,#красивыедевушки #грудь #boobs #попа #ass #bigbooty #lingerie #чулки #купальник #бикини
75,https://cdn-st.rutubelist.ru/media/0b/02/57840cef4593abdbd9e800f1ef21/fhd.mp4,#уходзакожей #уходзасобой #бьютирутина #бьюти #ноготочки #маникюр #прическа #укладка #уход #бьютирутина
76,https://cdn-st.rutubelist.ru/media/00/3d/ce2570c14930a8d95fd40c219f5a/fhd.mp4,"Что будет, если проиграть в обучении!??🤔🤨 #shorts →"
77,https://cdn-st.rutubelist.ru/media/02/bb/cef5b7de47378eea20697eff9470/fhd.mp4,#красивыедевушки #грудь #boobs #купальник #бикини
78,https://cdn-st.rutubelist.ru/media/0a/46/424c03cc4aafa3f9f7676ce9f22d/fhd.mp4,
79,https://cdn-st.rutubelist.ru/media/06/41/cd28224f4f309390eed98c83aa60/fhd.mp4,⚡ПОМЕНЯЛСЯ ТЕЛАМИ за ЛАЙК и САБ в GTA CRMP BLACK RUSSIA *гта крмп gta sa* *гта крмп gta sa* #shorts
80,https://cdn-st.rutubelist.ru/media/01/e5/34aa48d64b5fbbdb3c984a0cdd4a/fhd.mp4,#спорт #наспорте #растяжка #фитнес #мотивация
81,https://cdn-st.rutubelist.ru/media/08/d5/ab3e2a7e49509d50c9dc20dfb1bd/fhd.mp4,"#киноновинки , #киноафиша , #кино  , #фильмы , #сериалы , #чтопосмотреть , #трейлер , #трейлеры"
82,https://cdn-st.rutubelist.ru/media/0b/fc/530d13a040c394611e01d901d897/fhd.mp4,#гаджеты #технологии #лайфхаки #распаковка
83,https://cdn-st.rutubelist.ru/media/00/07/4f5a51c4438f9a4fa52628546642/fhd.mp4,#авто #auto #vehicle #тачки #дрифт #машины
84,https://cdn-st.rutubelist.ru/media/06/d7/abf1947e4adbab18988508ab2e22/fhd.mp4,#boobs #красивыедевушки #ass
85,https://cdn-st.rutubelist.ru/media/09/16/459b95d04c71968bafb6432954f1/fhd.mp4,#образ #lookbook #показ #неделямоды #капсула #ошибкивстиле #селебрити #интервью #перевоплощения #обувь #кроссовки
86,https://cdn-st.rutubelist.ru/media/0d/6e/cb5644284178b0c8ef60f5266817/fhd.mp4,"#роды
#женщины
#оченьсмешно 
#многозадачность"
87,https://cdn-st.rutubelist.ru/media/0b/27/01ff35d84437afafadd31e142a90/fhd.mp4,#MorningVibes ✨⁣⁣⠀
88,https://cdn-st.rutubelist.ru/media/04/6e/b7af507a42439fbec27ae4373e4d/fhd.mp4,#авто #auto#обзоравто#бронепленка
89,https://cdn-st.rutubelist.ru/media/0d/25/58ac25164e84bb86be893e24a6cf/fhd.mp4,"#киноновинки , #киноафиша , #кино  , #фильмы , #сериалы , #чтопосмотреть , #трейлер , #трейлеры"
90,https://cdn-st.rutubelist.ru/media/0b/27/d372d0924aec87e6d13b6bcbfe9d/fhd.mp4,"#киноновинки , #киноафиша , #кино  , #фильмы , #сериалы , #чтопосмотреть , #трейлер , #трейлеры"
91,https://cdn-st.rutubelist.ru/media/00/52/d15d453344cba726cfa7f3eee011/fhd.mp4,#авто #auto #vehicle #тачки#bmw
92,https://cdn-st.rutubelist.ru/media/0b/1c/82aa84594c648c7df5646adfa8ba/fhd.mp4,"#нарезкистримов , #dota2 , #cs2 , #fifa23 , #minecraft , #майнкрафт , #геншин , #genshin"
93,https://cdn-st.rutubelist.ru/media/07/55/d34004fc418fabc18da35b99e2aa/fhd.mp4,"#boobs , #красивыедевушки , #ass"
94,https://cdn-st.rutubelist.ru/media/09/95/53ab6c804659bf388816b893b44b/fhd.mp4,#уходзакожей #уходзасобой #бьютирутина #бьюти
95,https://cdn-st.rutubelist.ru/media/0a/aa/625d83c24b548a28bd2d4aa6562c/fhd.mp4,#красивыедевушки #грудь #boobs
96,https://cdn-st.rutubelist.ru/media/0b/1b/266296e94521a7cecd2b9abea018/fhd.mp4,Одаривая замечательный мир взрывами. #аниме #мегумин #коносуба
97,https://cdn-st.rutubelist.ru/media/07/f2/32a3a7a54599b14ac9496c044bd3/fhd.mp4,#красивыедевушки #figure #body #грудь #boobs
98,https://cdn-st.rutubelist.ru/media/0c/a7/db16d6034012b8b2a856a48e29e5/fhd.mp4,#спорт #наспорте #упражнения #тренировки #спортсмен
99,https://cdn-st.rutubelist.ru/media/04/d6/46b91ad841898ad8e96d2cf05146/fhd.mp4,#образ #lookbook #показ #неделямоды #капсула #ошибкивстиле #селебрити #интервью #перевоплощения #обувь #кроссовки
100,https://cdn-st.rutubelist.ru/media/00/03/b92f2b694491a4beb3802a81d20e/fhd.mp4,#уходзакожей #уходзасобой #бьютирутина #бьюти
101,https://cdn-st.rutubelist.ru/media/07/22/1e049a69411caf27d1555023d87c/fhd.mp4,#путешествия #кудапоехать #туризм #море #горы #советыдляпутешествий #кэмпинг #глэмпинг #отель #вдохновение #влог
102,https://cdn-st.rutubelist.ru/media/05/66/3c6325ca4249bd04c1025cca459d/fhd.mp4,#красивыедевушки#грудь #boobs
103,https://cdn-st.rutubelist.ru/media/03/10/1ecfdd134b879c3fd22b6d866160/fhd.mp4,#forkids #детскийконтент #длядетей #игрушки #эксперименты #лайфхаки
104,https://cdn-st.rutubelist.ru/media/0b/d1/10293eee4c4295e3dd89488f5172/fhd.mp4,#уходзакожей #уходзасобой #бьютирутина #бьюти
105,https://cdn-st.rutubelist.ru/media/00/dd/5271b41e47e79579719d96ca679e/fhd.mp4,#путешествия #кудапоехать #туризм #море #горы #советыдляпутешествий #кэмпинг #глэмпинг #отель #вдохновение #влог
106,https://cdn-st.rutubelist.ru/media/09/62/713041b44c8c9be18e9a52d35e51/fhd.mp4,#спорт #наспорте #растяжка #фитнес #мотивация
107,https://cdn-st.rutubelist.ru/media/06/54/383c2790489ead2875c40328edaf/fhd.mp4,#бьюти #beauty #бьютирутина #уходзасобой  #ногти #ноготки
108,https://cdn-st.rutubelist.ru/media/0c/a7/dbb8ce2641beb3a22244ee4c4b09/fhd.mp4,#путешествия #journey #туризм #красивыеместа #побережье #фотолокации
109,https://cdn-st.rutubelist.ru/media/0d/a1/01c485ff482e91726894c8826adb/fhd.mp4,ТРИ ПРИЧИНЫ
110,https://cdn-st.rutubelist.ru/media/01/bb/22dac51e4fb28a95fc23a6e5fcd7/fhd.mp4,#образ #lookbook #показ #неделямоды #капсула #ошибкивстиле #селебрити #интервью #перевоплощения #обувь #кроссовки
111,https://cdn-st.rutubelist.ru/media/0f/20/89d2d05f46209af3c4a312dfbabe/fhd.mp4,#авто #auto #vehicle #гонка
112,https://cdn-st.rutubelist.ru/media/02/24/c3d69a154378a98b7c38c26cdf3b/fhd.mp4,#спорт #наспорте #хоккей #матч #гол
113,https://cdn-st.rutubelist.ru/media/0b/ee/df5746f947de845df3cca4ddb4f1/fhd.mp4,#путешествия #journey #туризм #юмор #липсинг
114,https://cdn-st.rutubelist.ru/media/03/42/29fb07f24248b624f22f5292851c/fhd.mp4,"#уходзакожей #уходзасобой #бьютирутина #бьюти
#бьюти #ноготочки #маникюр #прическа #укладка #уход #бьютирутина"
115,https://cdn-st.rutubelist.ru/media/0b/11/882e7f7445aaadb01c55a8ac0209/fhd.mp4,#fashion #мода #красота #стиль #модныйлук #мужскаямода #образ #назиму
116,https://cdn-st.rutubelist.ru/media/05/80/4fab0c4e448890b48dfd0b00dbab/fhd.mp4,"#егэ2023 , #огэ2023 , #наука , #егэ , #огэ , #научпоп"
117,https://cdn-st.rutubelist.ru/media/01/e5/0e601d8c46d2b708731a7873d6ee/fhd.mp4,#красивыедевушки #hotgirl #грудь #boobs #танец
118,https://cdn-st.rutubelist.ru/media/01/0a/ede725bf4308a1b432e42b29138e/fhd.mp4,"#уходзакожей #уходзасобой #бьютирутина #бьюти 
#ноготочки #маникюр #прическа #укладка #уход #бьютирутина"
119,https://cdn-st.rutubelist.ru/media/02/7b/e213abb2445598aa5fbd9127d2a2/fhd.mp4,#бьюти #beauty #бьютирутина #уходзасобой  #косметика #обзор
120,https://cdn-st.rutubelist.ru/media/07/6d/d53380f84b0aae8f20b165391592/fhd.mp4,#спорт #наспорте #хоккей
121,https://cdn-st.rutubelist.ru/media/02/4a/e60892804aebbb7d1b07e9207922/fhd.mp4,"#лайфхаки , #эксперименты , #roblox , #игрушки , #diy , #танцы"
122,https://cdn-st.rutubelist.ru/media/05/42/2424293a4166b97199a62cd2271f/fhd.mp4,#красивыедевушки #cutegirls #sexygirls #грудь #boobs
123,https://cdn-st.rutubelist.ru/media/07/20/2a86a8094ccc9f46724f926ca7ee/fhd.mp4,
124,https://cdn-st.rutubelist.ru/media/06/7c/859b95f448788a3299490990cfdc/fhd.mp4,"#нарезкистримов , #dota2 , #cs2 , #fifa23 , #minecraft , #майнкрафт , #геншин , #genshin"
125,https://cdn-st.rutubelist.ru/media/07/4a/7d3a550142c6b5645005e08776fa/fhd.mp4,"#киноновинки , #киноафиша , #кино  , #фильмы , #сериалы , #чтопосмотреть , #трейлер , #трейлеры"
126,https://cdn-st.rutubelist.ru/media/00/ad/b1578e634a0c946453af66e259ef/fhd.mp4,#красивыедевушки #сексуальныенаряды #секси #грудь #boobs
127,https://cdn-st.rutubelist.ru/media/04/e7/ab21b7f44330bd98eed68d1f3645/fhd.mp4,#красивыедевушки #позирование #азиаточки
128,https://cdn-st.rutubelist.ru/media/03/9a/f1aba9254c4cb5277ab1b9537dc1/fhd.mp4,#авто #auto #vehicle #тачки #гонки #драг #драгрейсинг #drag #dragracing
129,https://cdn-st.rutubelist.ru/media/06/d2/aaa197f04a12a25046dddc8f62d7/fhd.mp4,#madeira #road #exploremore #moody #folkgreen #folkscenery #earth
130,https://cdn-st.rutubelist.ru/media/02/dd/94dfb6154e3abd76aaa2ea3a2a89/fhd.mp4,#кино #movie #film
131,https://cdn-st.rutubelist.ru/media/05/89/3c63c9be4134a755b516ec6f90ee/fhd.mp4,#путешествия #кудапоехать #туризм #море #горы #советыдляпутешествий #кэмпинг #глэмпинг #отель #вдохновение #влог
132,https://cdn-st.rutubelist.ru/media/0a/75/b93cab234f10ac25d1f23173a8bd/fhd.mp4,"Мои первые заливки →
👤 Королева Кружек →"
133,https://cdn-st.rutubelist.ru/media/09/63/279eacd446148279888e09a41838/fhd.mp4,"#мото , #мотоцикл , #байк , #железныйконь , #кроссбайк"
134,https://cdn-st.rutubelist.ru/media/05/b3/fb88822b42c3ae77e93c141ceec0/fhd.mp4,
135,https://cdn-st.rutubelist.ru/media/0b/fd/3fca793a477aabe2ae228dada00e/fhd.mp4,#образ #lookbook #показ #неделямоды #капсула #ошибкивстиле #селебрити #интервью #перевоплощения #обувь #кроссовки
136,https://cdn-st.rutubelist.ru/media/06/39/13e12fb64417a7837c83124b8def/fhd.mp4,#путешествия #кудапоехать #туризм #море #горы #советыдляпутешествий #кэмпинг #глэмпинг #отель #вдохновение #влог
137,https://cdn-st.rutubelist.ru/media/07/bb/558c5a0c42d5957c831d27322f39/fhd.mp4,#кино #movie #film #фильм #нарезкакино #чтопосмотреть
138,https://cdn-st.rutubelist.ru/media/09/8d/329bb48144e69337af81fc304314/fhd.mp4,#pomeranian #doggies #шпицы #cute
139,https://cdn-st.rutubelist.ru/media/09/5d/4ad6f7804ace8d3ef06be28e1d85/fhd.mp4,#кино #movie #film #мульт #юмор
140,https://cdn-st.rutubelist.ru/media/07/6d/d02eda47452da960d1a25fe89d69/fhd.mp4,#красивыедевушки #hotgirl #грудь
141,https://cdn-st.rutubelist.ru/media/0b/f7/54ec983d477f9c3e6deef79b175b/fhd.mp4,
142,https://cdn-st.rutubelist.ru/media/06/e2/10cc02654e5185cb3b27ac84a9c6/fhd.mp4,#тачки #машины #обзоравто
143,https://cdn-st.rutubelist.ru/media/06/42/8ee8d1e847189eb9665c45f2bf3a/fhd.mp4,#кино #movie #film #фильм #топкино #нарезкакино
144,https://cdn-st.rutubelist.ru/media/09/c6/6520839541e0b33a86a85e97ee05/fhd.mp4,"Масло помадного дерева SPF6 — это микс из изысканных масел растительного происхождения, разработанный для тех, кто загорает легко и быстро."
145,https://cdn-st.rutubelist.ru/media/0b/92/91838ef448cf96f539e37ab7b89c/fhd.mp4,"#киноновинки , #киноафиша , #кино  , #фильмы , #сериалы , #чтопосмотреть , #трейлер , #трейлеры"
146,https://cdn-st.rutubelist.ru/media/00/45/7bd19d2b442a9aeb06e88e2159fa/fhd.mp4,#спорт #наспорте #растяжка #фитнес #мотивация
147,https://cdn-st.rutubelist.ru/media/06/12/2ad3d3e14e2694465cfdbc2038bc/fhd.mp4,#кино #movie #film#трейлер #нарезкакино
148,https://cdn-st.rutubelist.ru/media/08/12/f42633464a3196dae46bfbfced12/fhd.mp4,#forkids #детскийконтент #длядетей #развивашки #игрушки
149,https://cdn-st.rutubelist.ru/media/0e/c2/2c19eb1b4d5b9f8f0bc181e96caf/fhd.mp4,#красивыедевушки #sexygirls #красотки #sexyoutfit #попа #ass #bigbooty #купальник
150,https://cdn-st.rutubelist.ru/media/09/88/58efd0d14e409d9bb5135f2d7e3b/fhd.mp4,"#лайфхаки , #эксперименты , #roblox , #игрушки , #diy , #танцы"
151,https://cdn-st.rutubelist.ru/media/04/9b/b9a4a3194b3db34d93df55b1ffc6/fhd.mp4,#красивыедевушки #грудь #boobs #попа #ass #bigbooty
152,https://cdn-st.rutubelist.ru/media/05/3e/a2f1ac4c406db91df902c9eae1d7/fhd.mp4,"#лайфхаки , #эксперименты , #roblox , #игрушки , #diy , #танцы"
153,https://cdn-st.rutubelist.ru/media/08/76/fbdb1c6d472d80f245ef84bbdb1e/fhd.mp4,#образ #lookbook #показ #неделямоды #капсула #ошибкивстиле #селебрити #интервью #перевоплощения #обувь #кроссовки
154,https://cdn-st.rutubelist.ru/media/0a/75/3af87d1f4a62addc1f9a7d0e52af/fhd.mp4,Bleach #shorts #anime #bleach
155,https://cdn-st.rutubelist.ru/media/0a/e1/1054d5274ea9b6b82c9c9c143a38/fhd.mp4,"#киноновинки , #киноафиша , #кино  , #фильмы , #сериалы , #чтопосмотреть , #трейлер , #трейлеры"
156,https://cdn-st.rutubelist.ru/media/0b/55/8c2675cc4fc4ae7563c6ae03796f/fhd.mp4,#кино#movie#film#нарезкакино#топкино#чтопосмотреть
157,https://cdn-st.rutubelist.ru/media/04/1a/604a33014b7c9029fb2b60b7ed5f/fhd.mp4,"#киноновинки , #киноафиша , #кино  , #фильмы , #сериалы , #чтопосмотреть , #трейлер , #трейлеры"
158,https://cdn-st.rutubelist.ru/media/03/39/0d150707401c9d587a1f779d9eb6/fhd.mp4,#красивыедевушки#грудь #boobs #попа#танцы
159,https://cdn-st.rutubelist.ru/media/04/86/d1b3df024c3aa5bb2287e632d38f/fhd.mp4,
160,https://cdn-st.rutubelist.ru/media/0a/ba/44ba6bcd4652a34a733e5c9cec59/fhd.mp4,#путешествия #journey #туризм #влог #красивыеместа
161,https://cdn-st.rutubelist.ru/media/0e/1a/d8bb46684560a39be89aa4370a71/fhd.mp4,#спорт #наспорте #растяжка #фитнес #мотивация
162,https://cdn-st.rutubelist.ru/media/0c/78/019d89a54f2f8a22c39166576c82/fhd.mp4,#fashion #мода #красота #стиль#образ #показ#модныйлук
163,https://cdn-st.rutubelist.ru/media/09/3c/d8edfa834bd580b7788b5d5af65a/fhd.mp4,"#киноновинки , #киноафиша , #кино  , #фильмы , #сериалы , #чтопосмотреть , #трейлер , #трейлеры"
164,https://cdn-st.rutubelist.ru/media/03/0c/683f84b14f0fae02507c9e3cb820/fhd.mp4,#путешествия #journey #туризм #интересныелокации #фотолокации #влог #красивыеместа
165,https://cdn-st.rutubelist.ru/media/0a/af/f2261af84ff9abe4e2bfa7abb02d/fhd.mp4,"#лайфхаки , #эксперименты , #roblox , #игрушки , #diy , #танцы"
166,https://cdn-st.rutubelist.ru/media/09/42/b2237e8a4e199cdd78ad61c426ce/fhd.mp4,#красивыедевушки #грудь #boobs #попа #ass #bigbooty #lingerie #чулки #купальник #бикини
167,https://cdn-st.rutubelist.ru/media/01/85/2800b643445f96f10a73a8a1d7f4/fhd.mp4,"#мульт , #мультики , #мультик , #мультфильм , #мультфильмы , #симпсоны , #грифины , #трикота , #дисней"
168,https://cdn-st.rutubelist.ru/media/06/62/5df8f9d84a4395fdcb53a77e2a0a/fhd.mp4,#мульт #мультик #мультики #мультфильм #мультфильмы #дисней
169,https://cdn-st.rutubelist.ru/media/0f/20/11fcaead41458f34f15af8375719/fhd.mp4,#кино #movie #film #отрывокизфильма #фильм
170,https://cdn-st.rutubelist.ru/media/0a/84/bf6ba15345cda9142e5c92a8836d/fhd.mp4,"#футбол , #футбольныйклуб , #гол"
171,https://cdn-st.rutubelist.ru/media/01/96/c09d28874ee4948c407c0795fc3d/fhd.mp4,"#лайфхаки , #эксперименты , #roblox , #игрушки , #diy , #танцы"
172,https://cdn-st.rutubelist.ru/media/08/4e/027c83e642b3b7b34e22b8ef1853/fhd.mp4,"#лайфхаки , #эксперименты , #roblox , #игрушки , #diy , #танцы"
173,https://cdn-st.rutubelist.ru/media/03/c7/2ee2c1ab4ee695b5f00badfb366c/fhd.mp4,Most beautiful TRAIN ride #shortsvideo #youtubeshorts #switzerland #trainride #schweiz #travel
